Year;Title;Shortened_Title;Theme;Theme_Description;Description
1922;Establishment of the League of Nations Office in The Hague;Establishment of League of Nations Office;Geopolitical Projects,Institutions;International diplomatic initiatives and institutions that shape global relations and promote cooperation between nations, Educational, research, and cultural organizations that preserve knowledge and advance learning;The League of Nations established a permanent office in The Hague in 1922, cementing the Netherlands' role as a center for international law and diplomacy. The office coordinated peace negotiations and arbitration cases across Europe, positioning the Dutch capital as a neutral ground for resolving conflicts. This initiative strengthened the Netherlands' international standing and established precedents for modern international institutions.
1923;Formation of the Social Democratic Workers' Party;Formation of Social Democratic Workers;Social Movements;Grassroots organizing and collective action aimed at social, political, and economic change;The Social Democratic Workers' Party (SDAP) formally organized in 1923 to represent working-class interests in Dutch politics. The movement emerged from labor unions and socialist circles, advocating for workers' rights, housing reform, and social insurance. Their organizing efforts mobilized thousands of industrial workers and laid the groundwork for the modern Dutch welfare state.
1925;Willem Einthoven Wins Nobel Prize in Physiology;Willem Einthoven Wins Nobel Prize;Intellectual Achievements,Institutions;Scientific discoveries, artistic breakthroughs, and scholarly contributions that advance human knowledge, Educational, research, and cultural organizations that preserve knowledge and advance learning;Dutch physiologist Willem Einthoven received the Nobel Prize in 1925 for his invention of the electrocardiogram (ECG). His groundbreaking work at Leiden University revolutionized cardiac medicine and established the Netherlands as a leader in medical research. The achievement brought international recognition to Dutch scientific institutions and inspired a generation of researchers.
1927;Zuiderzee Works Project Begins;Zuiderzee Works Project Begins;Geopolitical Projects,Policy Developments;International diplomatic initiatives and institutions that shape global relations and promote cooperation between nations, Legislative measures and governmental decisions that shape society and institutions;The ambitious Zuiderzee Works project launched in 1927 to reclaim land from the sea and create new provinces. This massive engineering undertaking demonstrated Dutch expertise in water management and land reclamation, technologies that would later be exported worldwide. The project required international cooperation for funding and expertise, showcasing the Netherlands' innovative approach to geographic challenges.
1929;Founding of Wageningen Agricultural University;Founding of Wageningen Agricultural Univ;Institutions;Educational, research, and cultural organizations that preserve knowledge and advance learning;Wageningen Agricultural University was established in 1929 to advance agricultural science and rural development. The institution became a leading center for research in plant breeding, soil science, and sustainable farming practices. Its work supported the Netherlands' transition to modern agriculture and established the country's reputation for agricultural innovation and food security expertise.
1931;Amsterdam Housing Movement Protests;Amsterdam Housing Movement Protests;Social Movements;Grassroots organizing and collective action aimed at social, political, and economic change;Massive housing protests erupted in Amsterdam in 1931 as working families demanded affordable housing and better living conditions. The movement organized rent strikes, occupied empty buildings, and pressured city officials to invest in public housing. Their activism led to significant housing reforms and established the Netherlands' commitment to social housing as a public good.
1933;Dutch Pacifist Movement Against Militarization;Dutch Pacifist Movement Against Militar;Social Movements;Grassroots organizing and collective action aimed at social, political, and economic change;A strong pacifist movement emerged in 1933 opposing Dutch military expansion and international conflicts. Peace activists organized demonstrations, published anti-war literature, and promoted alternative approaches to international security. The movement influenced Dutch foreign policy toward neutrality and peaceful conflict resolution, shaping the country's diplomatic approach for decades.
1935;Creation of the Netherlands Institute for Advanced Study;Creation of Netherlands Institute Adv;Intellectual Achievements;Scientific discoveries, artistic breakthroughs, and scholarly contributions that advance human knowledge;The Netherlands Institute for Advanced Study was founded in 1935 to foster interdisciplinary research and international scholarly collaboration. The institute brought together leading thinkers from around the world to pursue groundbreaking research in humanities and social sciences. It became a model for research institutes globally and enhanced the Netherlands' reputation as a center for intellectual innovation.
1937;Neutrality Act Passed by Parliament;Neutrality Act Passed by Parliament;Policy Developments;Legislative measures and governmental decisions that shape society and institutions;The Dutch Parliament passed the Neutrality Act in 1937, formally codifying the country's commitment to remaining neutral in international conflicts. The policy aimed to protect Dutch independence while maintaining trade relationships with all nations. This legislation reflected broader European tensions and established the legal framework for Dutch neutrality that would be tested during World War II.
1940;Resistance Networks Form During German Occupation;Resistance Networks Form During German;Social Movements;Grassroots organizing and collective action aimed at social, political, and economic change;Underground resistance networks formed across the Netherlands in 1940 following German occupation. These clandestine organizations coordinated sabotage operations, protected Jewish families, and maintained communication with Allied forces. The resistance movement demonstrated Dutch commitment to democratic values and human rights during the darkest period of the war.
1942;Anne Frank Begins Diary in Amsterdam;Anne Frank Begins Diary in Amsterdam;Intellectual Achievements;Scientific discoveries, artistic breakthroughs, and scholarly contributions that advance human knowledge;Anne Frank began writing her diary in 1942 while hiding from Nazi persecution in Amsterdam. Her profound reflections on human nature, hope, and resilience during wartime would later become one of the most important literary works of the 20th century. The diary provided an intimate perspective on the Holocaust and established a powerful voice for human dignity and understanding.
1945;Liberation and Democratic Reconstruction;Liberation and Democratic Reconstruction;Policy Developments;Legislative measures and governmental decisions that shape society and institutions;Following liberation in 1945, the Netherlands embarked on comprehensive democratic reconstruction and constitutional reform. New policies established universal suffrage, strengthened civil liberties, and created frameworks for social welfare. The reconstruction efforts transformed Dutch society and laid the foundation for the modern welfare state and progressive democratic institutions.
1948;Establishment of the International Court of Justice;Establishment of Intl Court of Justice;Geopolitical Projects,Institutions;International diplomatic initiatives and institutions that shape global relations and promote cooperation between nations, Educational, research, and cultural organizations that preserve knowledge and advance learning;The International Court of Justice was formally established in The Hague in 1948 as the principal judicial organ of the United Nations. This institution reinforced the Netherlands' role as a center for international law and peaceful dispute resolution. The court's presence brought prestige and international attention to Dutch legal scholarship and diplomatic expertise.
1950;Dutch Decolonization of Indonesia;Dutch Decolonization of Indonesia;Geopolitical Projects;International diplomatic initiatives and institutions that shape global relations and promote cooperation between nations;The Netherlands formally recognized Indonesian independence in 1950, ending centuries of colonial rule. This major geopolitical shift required extensive diplomatic negotiations and marked the transformation of Dutch foreign policy from colonial empire to modern European nation. The transition influenced Dutch domestic policies on immigration and multiculturalism.
1953;Flood Disaster Leads to Delta Works Planning;Flood Disaster Leads to Delta Works Plan;Policy Developments,Geopolitical Projects;Legislative measures and governmental decisions that shape society and institutions, International diplomatic initiatives and institutions that shape global relations and promote cooperation between nations;The devastating North Sea flood of 1953 prompted the Netherlands to develop the comprehensive Delta Works flood protection system. This policy initiative combined advanced engineering with long-term environmental planning to protect the country from future disasters. The project became a model for climate adaptation and water management worldwide.
1957;Treaty of Rome and European Integration;Treaty of Rome and European Integration;Geopolitical Projects,Policy Developments;International diplomatic initiatives and institutions that shape global relations and promote cooperation between nations, Legislative measures and governmental decisions that shape society and institutions;The Netherlands became a founding member of the European Economic Community through the Treaty of Rome in 1957. This commitment to European integration reflected Dutch support for international cooperation and economic collaboration. The treaty established the framework for modern European unity and positioned the Netherlands as a key player in European affairs.
1960;Provo Movement Emerges in Amsterdam;Provo Movement Emerges in Amsterdam;Social Movements;Grassroots organizing and collective action aimed at social, political, and economic change;The countercultural Provo movement emerged in Amsterdam in 1960, challenging traditional Dutch social norms and political structures. Through provocative demonstrations and creative protests, the movement addressed issues like urban planning, environmental protection, and social conformity. Provo activities influenced Dutch youth culture and contributed to the social liberalization of the 1960s.
1965;Creation of the Scientific Council for Government Policy;Creation of Scientific Council for Gov;Institutions,Policy Developments;Educational, research, and cultural organizations that preserve knowledge and advance learning, Legislative measures and governmental decisions that shape society and institutions;The Scientific Council for Government Policy was established in 1965 to provide independent research and analysis for Dutch policymaking. This institution bridged academic research and government decision-making, ensuring that policies were grounded in scientific evidence. The council became a model for evidence-based governance and strengthened the role of expertise in democratic institutions.
1970;Environmental Protection Act Enacted;Environmental Protection Act Enacted;Policy Developments,Institutions;Legislative measures and governmental decisions that shape society and institutions, Educational, research, and cultural organizations that preserve knowledge and advance learning;The Netherlands passed comprehensive environmental protection legislation in 1970, establishing strict standards for pollution control and conservation. This pioneering policy made the Netherlands a leader in environmental regulation and sustainable development. The act reflected growing environmental awareness and established frameworks that influenced international environmental law.
1973;Cees Nooteboom Publishes 'Rituelen';Cees Nooteboom Publishes 'Rituelen';Intellectual Achievements;Scientific discoveries, artistic breakthroughs, and scholarly contributions that advance human knowledge;Dutch author Cees Nooteboom published his acclaimed novel 'Rituelen' in 1973, establishing himself as a major voice in European literature. The novel's exploration of identity, memory, and modern life resonated internationally and brought Dutch literature to global attention. Nooteboom's work contributed to the Netherlands' reputation for literary excellence and cultural sophistication.
1975;Squatter Movement Occupies Amsterdam Buildings;Squatter Movement Occupies Amsterdam Bldg;Social Movements,Policy Developments;Grassroots organizing and collective action aimed at social, political, and economic change, Legislative measures and governmental decisions that shape society and institutions;The squatter movement gained momentum in Amsterdam in 1975 as young activists occupied abandoned buildings to protest housing shortages and urban speculation. The movement created alternative communities and challenged property rights while advocating for affordable housing. Their activism influenced Dutch housing policy and urban planning approaches for decades.
1979;Natural Gas Revenue Sharing Policy;Natural Gas Revenue Sharing Policy;Policy Developments;Legislative measures and governmental decisions that shape society and institutions;The Netherlands implemented a comprehensive policy in 1979 for sharing natural gas revenues to fund public services and infrastructure development. This forward-thinking approach to resource management ensured that natural wealth benefited all citizens while maintaining fiscal responsibility. The policy became a model for resource-rich nations and contributed to Dutch prosperity and social equality.