Year;Title;Shortened_Title;Theme;Theme_Description;Description;Shortened_Description
1923;Proclamation of the Turkish Republic;Proclamation of the Turkish Republic;Geopolitical Projects,Policy Developments;International diplomatic initiatives and institutions that shape global relations and promote cooperation between nations, Legislative measures and governmental decisions that shape society and institutions;Mustafa Kemal Atatürk proclaimed the Republic of Turkey in 1923, marking the end of the Ottoman Empire and the birth of a modern nation-state. This transformative geopolitical shift established Turkey as a secular, democratic republic and positioned it as a bridge between Europe and Asia. The new republic immediately began diplomatic efforts to gain international recognition and establish its sovereignty in the post-war world order.;Atatürk proclaimed Turkish Republic in 1923, ending Ottoman Empire and establishing secular, democratic nation-state.
1924;Abolition of the Caliphate;Abolition of the Caliphate;Policy Developments;Legislative measures and governmental decisions that shape society and institutions;The Turkish Grand National Assembly abolished the Caliphate in 1924, severing the last institutional link to the Ottoman Empire and establishing complete separation of religion and state. This radical policy reform was part of Atatürk's broader secularization program and represented one of the most significant political transformations in the Islamic world. The decision had profound implications for Turkey's domestic development and international relations.;Turkish Assembly abolished Caliphate in 1924, establishing complete separation of religion and state.
1925;Kurdish Rebellion and State Response;Kurdish Rebellion and State Response;Social Movements;Grassroots organizing and collective action aimed at social, political, and economic change;The Sheikh Said Rebellion erupted in 1925 as Kurdish tribes and religious leaders organized against the centralized Turkish state and its secularization policies. The uprising represented broader tensions between traditional communities and modernizing reforms, highlighting the challenges of building a unified nation-state. The government's response shaped decades of Kurdish-Turkish relations and influenced policies toward ethnic minorities.;Sheikh Said Rebellion erupted in 1925, highlighting tensions between traditional communities and modernizing reforms.
1928;Adoption of the Latin Alphabet;Adoption of the Latin Alphabet;Intellectual Achievements,Policy Developments;Scientific discoveries, artistic breakthroughs, and scholarly contributions that advance human knowledge, Legislative measures and governmental decisions that shape society and institutions;Turkey adopted the Latin alphabet in 1928, replacing the Arabic script used during the Ottoman period. This revolutionary educational and cultural reform was designed to increase literacy rates and connect Turkey more closely with Western civilization. The alphabet reform represented a fundamental shift in how knowledge was transmitted and preserved, making education more accessible to the general population.;Turkey adopted Latin alphabet in 1928, replacing Arabic script to increase literacy and westernize education.
1930;Founding of Ankara University;Founding of Ankara University;Institutions,Intellectual Achievements;Educational, research, and cultural organizations that preserve knowledge and advance learning, Scientific discoveries, artistic breakthroughs, and scholarly contributions that advance human knowledge;Ankara University was established in 1930 as the first university of the Turkish Republic, designed to train the intellectual leadership needed for national development. The institution embodied the republican ideals of secular, scientific education and became a center for research in Turkish history, language, and culture. Its founding marked the beginning of modern higher education in Turkey and the development of indigenous scholarly traditions.;Ankara University established in 1930 as first university of Turkish Republic, embodying secular educational ideals.
1932;Turkish Historical Society Established;Turkish Historical Society Established;Intellectual Achievements;Scientific discoveries, artistic breakthroughs, and scholarly contributions that advance human knowledge;The Turkish Historical Society was founded in 1932 to research and promote understanding of Turkish history and culture. This scholarly institution undertook archaeological excavations, published historical documents, and developed new narratives about Turkish civilization that supported national identity formation. The society's work contributed to the intellectual foundation of the Turkish Republic and influenced historical scholarship throughout the region.;Turkish Historical Society founded in 1932 to research Turkish history and support national identity formation.
1934;Women's Suffrage Granted;Women's Suffrage Granted;Policy Developments;Legislative measures and governmental decisions that shape society and institutions;Turkey granted women full political rights in 1934, including the right to vote and stand for election to parliament. This progressive policy placed Turkey ahead of many Western nations in women's political participation and reflected the republic's commitment to gender equality. The reform was part of broader efforts to modernize Turkish society and demonstrated the government's dedication to social transformation.;Turkey granted women full political rights in 1934, placing it ahead of many Western nations.
1936;Montreux Convention on Turkish Straits;Montreux Convention on Turkish Straits;Geopolitical Projects,Policy Developments;International diplomatic initiatives and institutions that shape global relations and promote cooperation between nations, Legislative measures and governmental decisions that shape society and institutions;The Montreux Convention of 1936 established Turkey's sovereignty over the Bosphorus and Dardanelles straits while regulating international maritime passage. This crucial diplomatic achievement secured Turkey's control over one of the world's most strategic waterways and enhanced its geopolitical importance. The convention demonstrated Turkey's successful navigation of complex international negotiations and its emergence as a respected regional power.;Montreux Convention in 1936 established Turkey's sovereignty over strategic Bosphorus and Dardanelles straits.
1938;Death of Atatürk and Transition Period;Death of Atatürk and Transition Period;Policy Developments;Legislative measures and governmental decisions that shape society and institutions;The death of Mustafa Kemal Atatürk in 1938 marked the end of an era and tested the institutional foundations of the Turkish Republic. The peaceful transition of power to İsmet İnönü demonstrated the stability of republican institutions and the success of democratic constitutional frameworks. This period established precedents for democratic governance and proved the durability of Turkey's political transformation.;Atatürk's death in 1938 tested republican institutions, but peaceful transition proved political transformation's durability.
1940;Village Institutes Program Launched;Village Institutes Program Launched;Institutions,Social Movements;Educational, research, and cultural organizations that preserve knowledge and advance learning, Grassroots organizing and collective action aimed at social, political, and economic change;The Village Institutes program was launched in 1940 to bring education and modern agricultural techniques to rural Turkey. These innovative institutions trained teachers and development workers who would transform village life throughout Anatolia. The program represented a unique approach to rural development that combined education, agriculture, and community organizing to modernize traditional societies.;Village Institutes program launched in 1940, bringing education and modern agriculture to rural Turkey.
1942;Turkish Intellectuals Form Literary Movement;Turkish Intellectuals Form Literary Mov;Social Movements;Grassroots organizing and collective action aimed at social, political, and economic change;A group of Turkish intellectuals and writers formed the Social Realist literary movement in 1942, advocating for literature that addressed social problems and promoted progressive values. The movement organized around the journal "Yurt ve Dünya" and sought to create a distinctly Turkish cultural voice that engaged with international intellectual trends. Their work influenced Turkish cultural development and political discourse for decades.;Turkish intellectuals formed Social Realist literary movement in 1942, advocating for socially conscious literature.
1945;Turkey Joins the United Nations;Turkey Joins the United Nations;Geopolitical Projects;International diplomatic initiatives and institutions that shape global relations and promote cooperation between nations;Turkey became a founding member of the United Nations in 1945, cementing its commitment to international cooperation and multilateral diplomacy. This membership marked Turkey's full integration into the post-war international system and reflected its strategic importance in the emerging Cold War dynamics. The decision positioned Turkey as a bridge between different civilizations and political systems.;Turkey became founding UN member in 1945, cementing commitment to international cooperation and multilateral diplomacy.
1947;Truman Doctrine and Turkish-American Alliance;Truman Doctrine & Turkish-American Alliance;Geopolitical Projects;International diplomatic initiatives and institutions that shape global relations and promote cooperation between nations;The Truman Doctrine of 1947 established a strategic partnership between Turkey and the United States, providing economic and military assistance to strengthen Turkish defenses against Soviet pressure. This alliance fundamentally reoriented Turkish foreign policy toward the West and secured crucial support for economic development. The partnership became a cornerstone of NATO and shaped Turkey's international relationships throughout the Cold War.;Truman Doctrine in 1947 established Turkish-American alliance, reorienting Turkish foreign policy toward the West.
1950;Transition to Multi-Party Democracy;Transition to Multi-Party Democracy;Policy Developments;Legislative measures and governmental decisions that shape society and institutions;Turkey's first free and fair multi-party elections in 1950 resulted in the peaceful transfer of power from the Republican People's Party to the Democratic Party. This historic transition demonstrated the maturation of Turkish democratic institutions and the success of competitive electoral politics. The election established precedents for democratic governance and proved that political change could occur through peaceful, constitutional means.;Turkey held first free elections in 1950, demonstrating maturation of democratic institutions with peaceful power transfer.
1952;Turkey Joins NATO;Turkey Joins NATO;Geopolitical Projects,Policy Developments;International diplomatic initiatives and institutions that shape global relations and promote cooperation between nations, Legislative measures and governmental decisions that shape society and institutions;Turkey became a full member of NATO in 1952, integrating into Western security structures and committing to collective defense principles. This membership enhanced Turkey's strategic importance and provided security guarantees that enabled domestic development. The decision reflected Turkey's choice to align with Western democratic values and institutions during the Cold War period.;Turkey joined NATO in 1952, integrating into Western security structures and aligning with democratic values.
1955;Istanbul Pogrom and Minority Rights Crisis;Istanbul Pogrom & Minority Rights Crisis;Social Movements;Grassroots organizing and collective action aimed at social, political, and economic change;Anti-Greek riots erupted in Istanbul in 1955, targeting the city's Greek minority and their businesses and institutions. The violence exposed tensions over Cyprus and highlighted the vulnerable position of religious and ethnic minorities in Turkey. The events prompted soul-searching about tolerance and pluralism, influencing debates about minority rights and national identity that continue to shape Turkish society.;Anti-Greek riots erupted in Istanbul in 1955, exposing tensions and highlighting minority rights issues.
1960;Military Coup and Constitutional Reform;Military Coup and Constitutional Reform;Policy Developments;Legislative measures and governmental decisions that shape society and institutions;A military coup in 1960 overthrew the Democratic Party government and initiated a period of constitutional reform and political restructuring. The military government drafted a new constitution that strengthened civil liberties and institutional checks and balances. While controversial, the intervention led to important democratic reforms and established patterns of civil-military relations that influenced Turkish politics for decades.;Military coup in 1960 led to constitutional reform, strengthening civil liberties and institutional checks and balances.
1963;Ankara Agreement with European Economic Community;Ankara Agreement with European Econ Com;Geopolitical Projects,Policy Developments;International diplomatic initiatives and institutions that shape global relations and promote cooperation between nations, Legislative measures and governmental decisions that shape society and institutions;Turkey signed the Ankara Agreement in 1963, establishing an association with the European Economic Community and beginning the long process toward potential EU membership. This agreement reflected Turkey's European aspirations and commitment to economic integration with Western markets. The relationship shaped Turkey's development strategies and influenced domestic reforms for generations.;Turkey signed Ankara Agreement in 1963, establishing association with EEC and beginning EU membership process.
1965;Planned Development Era Begins;Planned Development Era Begins;Policy Developments;Legislative measures and governmental decisions that shape society and institutions;Turkey launched its first Five-Year Development Plan in 1965, introducing systematic economic planning and state-led industrialization strategies. The plan prioritized import substitution, infrastructure development, and human capital formation to accelerate economic growth. This approach transformed Turkey's economy and established frameworks for development planning that guided policy for decades.;Turkey launched Five-Year Development Plan in 1965, introducing systematic economic planning and state-led industrialization.
1968;Student Movement and Social Transformation;Student Movement & Social Transformation;Social Movements;Grassroots organizing and collective action aimed at social, political, and economic change;Turkish university students organized massive demonstrations in 1968, demanding educational reforms, social justice, and political democratization. The movement was inspired by global student activism and addressed specifically Turkish concerns about inequality and authoritarianism. Student activism influenced Turkish politics and culture throughout the 1970s and contributed to broader social transformation.;Turkish students organized massive demonstrations in 1968, demanding educational reforms and political democratization.
1971;Constitutional Crisis and Military Intervention;Constitutional Crisis & Military Interv;Policy Developments;Legislative measures and governmental decisions that shape society and institutions;Political violence and economic crisis led to a military memorandum in 1971 that forced the government to resign and implement security measures. The intervention reflected the fragility of Turkish democratic institutions and the military's role as guardian of the secular republic. The period saw constitutional amendments and reforms aimed at strengthening democratic governance and preventing future crises.;Political crisis led to military intervention in 1971, reflecting fragility of democratic institutions.
1973;Bosphorus Bridge Opens;Bosphorus Bridge Opens;Intellectual Achievements,Institutions;Scientific discoveries, artistic breakthroughs, and scholarly contributions that advance human knowledge, Educational, research, and cultural organizations that preserve knowledge and advance learning;The first bridge across the Bosphorus opened in 1973, connecting Europe and Asia and demonstrating Turkish engineering capabilities. This massive infrastructure project symbolized Turkey's role as a bridge between continents and its commitment to modernization. The bridge became an iconic symbol of Turkish achievement and facilitated economic integration between the European and Asian sides of the country.;Bosphorus Bridge opened in 1973, connecting Europe and Asia and symbolizing Turkey's modernization achievements.
1975;Cyprus Intervention and International Consequences;Cyprus Intervention & Intl Consequences;Geopolitical Projects;International diplomatic initiatives and institutions that shape global relations and promote cooperation between nations;Turkey's military intervention in Cyprus in 1975 to protect Turkish Cypriots led to the island's partition and strained Turkey's relationships with Western allies. The operation reflected Turkey's commitment to protecting ethnic Turkish populations but resulted in international isolation and sanctions. The Cyprus issue became a defining challenge in Turkish foreign policy and influenced relations with Greece, the EU, and NATO.;Turkey's Cyprus intervention in 1975 led to island partition but resulted in international isolation.
1978;Marxist-Leninist Armed Struggle;Marxist-Leninist Armed Struggle;Social Movements;Grassroots organizing and collective action aimed at social, political, and economic change;Revolutionary leftist groups launched armed campaigns in 1978, seeking to overthrow the capitalist system and establish a socialist state in Turkey. The movement emerged from student activism and drew inspiration from international revolutionary movements. Political violence escalated throughout the late 1970s, contributing to social polarization and ultimately leading to military intervention in 1980.;Revolutionary leftist groups launched armed campaigns in 1978, escalating political violence and social polarization.
1980;Military Coup Ends the Decade;Military Coup Ends the Decade;Policy Developments;Legislative measures and governmental decisions that shape society and institutions;The military coup of September 12, 1980, ended a period of intense political violence and economic crisis, suspending democratic institutions and imposing martial law. The intervention aimed to restore order and stability but came at the cost of civil liberties and political freedoms. The coup marked the end of the turbulent 1970s and set the stage for a new constitutional order and economic transformation in the following decade.;Military coup in 1980 ended political violence and crisis, imposing martial law and suspending democracy.
